{"cameraMode":{"drawMode":0,"name":"Shaded","section":"Shading Mode"},"sceneLighting":false,"audioPlay":false,"sceneViewState":{"showFog":true,"showMaterialUpdate":false,"showSkybox":true,"showFlares":true,"showImageEffects":true,"showParticleSystems":true},"in2DMode":false,"pivot":{"x":0.000001430511474609375,"y":0.8735089302062988,"z":-0.030648835003376008},"rotation":{"x":-0.11799736320972443,"y":-0.133647158741951,"z":0.016263848170638086,"w":-0.9838448166847229},"size":3.7214372158050539,"orthographic":true}