{"cameraMode":{"drawMode":0,"name":"Shaded","section":"Shading Mode"},"sceneLighting":true,"audioPlay":false,"sceneViewState":{"showFog":true,"showMaterialUpdate":false,"showSkybox":true,"showFlares":true,"showImageEffects":true,"showParticleSystems":true},"in2DMode":false,"pivot":{"x":69.47709655761719,"y":-4.285617828369141,"z":104.11116027832031},"rotation":{"x":-0.1480962485074997,"y":-0.25357064604759219,"z":0.039560869336128238,"w":-0.9550939202308655},"size":32.9670295715332,"orthographic":false}